"site","plot","bg_activity","date","crop","treatment","per_activity","ratio","log_ratio","land_type"
"Agronomy Farm","1",133.28,"June 2021","W","C",3.15766678566469,42.2083801258163,3.74261878250781,"Agriculture"
"Agronomy Farm","2",188.44,"June 2021","W","B",1.59799876582606,117.922494078141,4.77002757881217,"Agriculture"
"Agronomy Farm","4",175.99,"June 2021","S","B",0.84466603978317,208.354535060007,5.33924112417829,"Agriculture"
"Agronomy Farm","5",117.88,"June 2021","S","C",0.25352879835928,464.9570414204,6.14194501727754,"Agriculture"
"Agronomy Farm","6",199.59,"June 2021","S","C",0.215892401525913,924.488303383127,6.8292403989171,"Agriculture"
"Agronomy Farm","7",197.96,"June 2021","W","B",0.182004000564488,1087.66839951883,6.99179160110705,"Agriculture"
"Agronomy Farm","8",129.87,"June 2021","W","C",0.569040866290782,228.226139269295,5.43033697630765,"Agriculture"
"Agronomy Farm","9",195.37,"June 2021","W","C",0.579594187962106,337.080674819971,5.82032229286006,"Agriculture"
"Agronomy Farm","11",217.51,"June 2021","S","B",0.700881462719786,310.337784018353,5.73766133013346,"Agriculture"
"Agronomy Farm","12",233,"June 2021","S","C",1.36052188021516,171.257811717921,5.14317009197304,"Agriculture"
"Agronomy Farm","13",131,"June 2021","S","C",1.64392345985199,79.6874083248345,4.37811158491863,"Agriculture"
"Agronomy Farm","14",86.03,"June 2021","S","C",2.70247758539789,31.8337515414891,3.46052709616126,"Agriculture"
"Agronomy Farm","16",178.33,"June 2021","W","B",1.59914205642486,111.516046547288,4.71416849576768,"Agriculture"
"Agronomy Farm","17",114.72,"June 2021","W","C",0.588077289550025,195.076399035541,5.27339127175997,"Agriculture"
"Agronomy Farm","18",95.4,"June 2021","W","C",1.06075091115632,89.9362885260266,4.49910151438065,"Agriculture"
"Agronomy Farm","19",113.28,"June 2021","S","C",1.70524086039532,66.4304982545038,4.19615626209315,"Agriculture"
"Agronomy Farm","20",152,"June 2021","S","C",0.479393708460724,317.067156529972,5.75911360169246,"Agriculture"
"Agronomy Farm","21",161.04,"June 2021","S","B",0.490850076294966,328.083885033821,5.79326932274077,"Agriculture"
"Agronomy Farm","22",130.8,"June 2021","W","C",0.236795497448143,552.375367815616,6.31422782933096,"Agriculture"
"Agronomy Farm","23",148.85,"June 2021","W","B",0.187273833005357,794.82540412222,6.67812247307856,"Agriculture"
"Agronomy Farm","24",132.64,"June 2021","W","C",1.96723800714632,67.4244801687255,4.21100815922559,"Agriculture"
"Allstar Mine 1","1",191.79,"June 2021","W","C",1.76140366307736,108.88475141747,4.69028999641999,"Mine"
"Allstar Mine 1","3",193.27,"June 2021","W","B",0.349153265254132,553.539145221305,6.31633247272165,"Mine"
"Allstar Mine 1","4",264.77,"June 2021","S","C",0.618381406108856,428.166172825371,6.0595113744955,"Mine"
"Allstar Mine 1","5",257.37,"June 2021","S","B",0.370208130304871,695.203532640011,6.54420465541124,"Mine"
"Allstar Mine 1","7",124.01,"June 2021","W","B",0.947587161565686,130.86922768677,4.87419856267281,"Mine"
"Allstar Mine 1","8",149.57,"June 2021","W","C",0.393390666567363,380.207291914456,5.94071660902469,"Mine"
"Allstar Mine 1","9",118.91,"June 2021","W","C",0.441746209035064,269.181710149235,5.59538665396629,"Mine"
"Allstar Mine 1","10",167.65,"June 2021","S","C",0.404367800114136,414.59779921319,6.02730889177049,"Mine"
"Allstar Mine 1","12",235.93,"June 2021","S","B",2.44071274544662,96.664386433901,4.57124504541938,"Mine"
"Allstar Mine 1","13",88.9,"June 2021","W","B",0.308571249103628,288.102019414468,5.66331465148788,"Mine"
"Allstar Mine 1","16",191.39,"June 2021","S","C",0.292584423863166,654.135983976742,6.48331525641341,"Mine"
"Allstar Mine 1","17",146.29,"June 2021","S","B",1.13127262979038,129.314540233424,4.86224773292349,"Mine"
"Allstar Mine 1","18",247.71,"June 2021","S","C",0.446657597400792,554.585887358648,6.31822168633546,"Mine"
"Allstar Mine 1","19",165.93,"June 2021","W","B",0.601766942853822,275.73797791732,5.61945105942189,"Mine"
"Allstar Mine 1","21",121.09,"June 2021","W","C",1.16952310898215,103.537928468456,4.63993800420828,"Mine"
"Allstar Mine 1","22",169,"June 2021","S","C",0.950856809798699,177.734437255361,5.18029051073134,"Mine"
"Allstar Mine 1","23",330.51,"June 2021","S","B",1.03377937502328,319.710383071394,5.76741553308422,"Mine"
"Allstar Mine 1","24",217.5,"June 2021","S","C",1.36882662430694,158.895214439683,5.06824495628414,"Mine"
"Allstar Mine 2","1",167.24,"June 2021","W","C",2.70890095108677,61.7372148409139,4.12288690696017,"Mine"
"Allstar Mine 2","2",160.32,"June 2021","W","B",1.4229705780865,112.665716683746,4.72442517497829,"Mine"
"Allstar Mine 2","4",207.6,"June 2021","S","B",1.63955246455112,126.619918842815,4.84118983416502,"Mine"
"Allstar Mine 2","5",176.35,"June 2021","S","C",3.52882529924015,49.9741372966162,3.91150561753844,"Mine"
"Allstar Mine 2","6",77.97,"June 2021","S","C",0.420160885449665,185.571771909598,5.22344171778077,"Mine"
"Allstar Mine 2","7",120.9,"June 2021","W","C",2.11586905577894,57.1396418269804,4.04549812844172,"Mine"
"Allstar Mine 2","8",212.88,"June 2021","W","B",1.10621508111838,192.439972690284,5.25978427491835,"Mine"
"Allstar Mine 2","9",100.9,"June 2021","W","C",0.970000595323812,104.020554715553,4.64458852110857,"Mine"
"Allstar Mine 2","10",170.94,"June 2021","S","B",1.47941216511889,115.545893179986,4.74966779459147,"Mine"
"Allstar Mine 2","11",215,"June 2021","S","C",1.28463088082935,167.363250571399,5.12016660331819,"Mine"
"Allstar Mine 2","12",92.14,"June 2021","S","C",1.0875646791483,84.7213979697806,4.43936820221674,"Mine"
"Allstar Mine 2","13",169.25,"June 2021","S","C",1.12542224523165,150.387999452741,5.01321861745955,"Mine"
"Allstar Mine 2","14",141.65,"June 2021","S","C",1.15980686601871,122.13240337699,4.80510572983151,"Mine"
"Allstar Mine 2","15",217.6,"June 2021","S","B",3.78993508076643,57.4152314915102,4.05030962511953,"Mine"
"Allstar Mine 2","16",144.13,"June 2021","W","B",1.94601462955956,74.0641914046765,4.30493216860017,"Mine"
"Allstar Mine 2","17",110.75,"June 2021","W","C",2.99403473011787,36.9902188795385,3.61065352308932,"Mine"
"Allstar Mine 2","18",103.06,"June 2021","W","C",1.98977079086301,51.7949104857954,3.94729189126831,"Mine"
"Goshen Road","1",166.3,"June 2021","S","C",1.20523011915177,137.981948307964,4.92712286723833,"Mine"
"Goshen Road","2",158.52,"June 2021","S","B",0.288160364770131,550.110353054464,6.31011890001783,"Mine"
"Goshen Road","3",129.34,"June 2021","S","C",1.230846737411,105.082132542397,4.65474225907655,"Mine"
"Goshen Road","4",175.84,"June 2021","W","C",0.544661685550836,322.842609760895,5.77716492818293,"Mine"
"Goshen Road","5",165.39,"June 2021","W","B",0.718011294289523,230.344566047049,5.43957630111908,"Mine"
"Goshen Road","6",108.06,"June 2021","W","C",0.152616389363261,708.049774017344,6.56251439350701,"Mine"
"Goshen Road","7",133.65,"June 2021","W","B",0.908252943119632,147.150637949979,4.99145681004201,"Mine"
"Goshen Road","8",57.17,"June 2021","W","C",1.45874884547299,39.1911192782903,3.6684501721071,"Mine"
"Goshen Road","9",136.35,"June 2021","W","C",1.41424723482396,96.4117140501054,4.56862770927673,"Mine"
"Goshen Road","10",110.05,"June 2021","S","C",0.107778129101632,1021.07914580912,6.92861533309285,"Mine"
"Goshen Road","11",113.08,"June 2021","S","B",0.818076243211438,138.226725122946,4.92889527268832,"Mine"
"Goshen Road","12",111.27,"June 2021","S","C",1.9166689667665,58.0538433758423,4.06137091397709,"Mine"
"Goshen Road","13",141.31,"June 2021","S","C",0.622475050217192,227.013114743626,5.42500779001353,"Mine"
"Goshen Road","15",194.87,"June 2021","S","C",0.96116171396877,202.744238735181,5.31194527698233,"Mine"
"Goshen Road","16",146.89,"June 2021","W","C",0.406432685642771,361.412861683834,5.89002096602469,"Mine"
"Goshen Road","17",106.77,"June 2021","W","B",0.545590516008466,195.696216974459,5.27656354347661,"Mine"
"Goshen Road","18",68.82,"June 2021","W","C",1.33902219031994,51.3957128548827,3.93955476148997,"Mine"
"Goshen Road","20",166.47,"June 2021","S","C",1.18581483208013,140.384481199296,4.94438495271397,"Mine"
"Goshen Road","21",68.01,"June 2021","S","B",1.38427078352483,49.1305608768416,3.89448126229373,"Mine"
"Goshen Road","22",68.03,"June 2021","W","B",0.683477329350718,99.535122934694,4.60051057619524,"Mine"
"Goshen Road","23",43.26,"June 2021","W","C",0.656044383217651,65.9406605812643,4.18875525550764,"Mine"
"Goshen Road","24",103.34,"June 2021","W","C",0.47935816821841,215.579929270998,5.3733317422664,"Mine"
"Jackson Mill","1",212.34,"June 2021","W","B",0.0614283356153941,3456.71094410683,8.1480728217618,"Agriculture"
"Jackson Mill","2",199.99,"June 2021","W","C",0.466524161489238,428.680905532507,6.06071283221661,"Agriculture"
"Jackson Mill","4",195.51,"June 2021","S","C",0.597873218274507,327.009128397241,5.78998808609551,"Agriculture"
"Jackson Mill","5",160.39,"June 2021","S","B",2.4262416541477,66.1063582540556,4.1912649336696,"Agriculture"
"Jackson Mill","6",245.78,"June 2021","S","C",1.93706015086886,126.882998387921,4.84326538929017,"Agriculture"
"Jackson Mill","7",208.79,"June 2021","S","B",2.14433627755567,97.3681237338389,4.57849888535691,"Agriculture"
"Jackson Mill","8",239.57,"June 2021","S","C",0.0305225881386128,7848.94121402931,8.96813392448599,"Agriculture"
"Jackson Mill","9",144.95,"June 2021","S","C",0.332296205772632,436.207207551384,6.07811737713259,"Agriculture"
"Jackson Mill","11",170.12,"June 2021","W","C",2.31007836405455,73.6425234083456,4.29922262259399,"Agriculture"
"Jackson Mill","12",169.92,"June 2021","W","B",0.412976989301486,411.451495850664,6.0196911416039,"Agriculture"
"Jackson Mill","14",169.62,"June 2021","S","C",0.649305418325365,261.232996387848,5.56541271556411,"Agriculture"
"Jackson Mill","15",270.48,"June 2021","S","C",0.880189257293792,307.297547383856,5.72781648792612,"Agriculture"
"Jackson Mill","18",206.94,"June 2021","W","C",1.18587318773184,174.504324864451,5.16194952565886,"Agriculture"
"Jackson Mill","19",146.91,"June 2021","W","C",1.7326197632661,84.7906754353679,4.44018557726328,"Agriculture"
"Jackson Mill","21",269.4,"June 2021","W","C",0.519300616342087,518.774658689282,6.25146960523788,"Agriculture"
"Jackson Mill","22",108.46,"June 2021","S","C",1.5078300225791,71.9311847992535,4.27570989530281,"Agriculture"
"Jackson Mill","24",137.24,"June 2021","S","B",0.651758192557952,210.56889129598,5.34981287414502,"Agriculture"
"Reedsville","2",187.91,"June 2021","S","C",0.227695479189471,825.268910339828,6.71570928515096,"Agriculture"
"Reedsville","3",278.98,"June 2021","S","B",0.513061884442126,543.755068266953,6.29849890331017,"Agriculture"
"Reedsville","4",195.67,"June 2021","W","C",1.25160472969433,156.335299282376,5.05200305506611,"Agriculture"
"Reedsville","5",173.3,"June 2021","W","B",0.554750765680885,312.392538633627,5.74426053366502,"Agriculture"
"Reedsville","7",184.86,"June 2021","S","B",0.485508461095375,380.755465276403,5.94215734564836,"Agriculture"
"Reedsville","8",172.8,"June 2021","S","C",1.41261694820018,122.326155169075,4.80669088057286,"Agriculture"
"Reedsville","9",172.77,"June 2021","S","C",0.713523149187942,242.136502784288,5.48950162822612,"Agriculture"
"Reedsville","10",189.81,"June 2021","W","B",2.12334901788874,89.3918043623038,4.49302900417744,"Agriculture"
"Reedsville","11",159.14,"June 2021","W","C",0.53697921673667,296.361563054759,5.69158020571041,"Agriculture"
"Reedsville","12",209.84,"June 2021","W","C",0.747321500372412,280.789459282826,5.63760513328051,"Agriculture"
"Reedsville","13",144.99,"June 2021","W","C",0.619301741532696,234.118508436885,5.45582743346852,"Agriculture"
"Reedsville","14",189.34,"June 2021","W","B",0.158917392360169,1191.43661488531,7.08291509737747,"Agriculture"
"Reedsville","15",176.89,"June 2021","W","C",0.146357380767905,1208.61687379138,7.09723190526586,"Agriculture"
"Reedsville","16",184.56,"June 2021","S","C",0.705313861271839,261.670739984036,5.56708699581111,"Agriculture"
"Reedsville","17",189.33,"June 2021","S","C",1.2234128530667,154.75560807246,5.04184715047162,"Agriculture"
"Reedsville","18",239.69,"June 2021","S","B",1.27418594304245,188.112262035851,5.23703892310227,"Agriculture"
"Reedsville","19",203.3,"June 2021","W","C",1.03103487344682,197.180527289396,5.28411969129585,"Agriculture"
"Reedsville","20",102.31,"June 2021","W","C",0.240442105197758,425.507836557379,6.05328336513497,"Agriculture"
"Reedsville","21",173.64,"June 2021","W","B",1.4339144642798,121.095089229896,4.79657609837345,"Agriculture"
"Reedsville","22",187.83,"June 2021","S","B",0.798406220126986,235.256183212257,5.46067506170035,"Agriculture"
"Reedsville","23",149.14,"June 2021","S","C",0.314404593183029,474.356937632839,6.16196007128867,"Agriculture"
"Reedsville","24",179.39,"June 2021","S","C",1.09492372115461,163.837897137556,5.09887750691499,"Agriculture"
"Agronomy Farm","1",144.52190974045,"May 2022","W","C",0.54424170123288,265.547291604194,5.581792947623,"Agriculture"
"Agronomy Farm","2",225.030651688633,"May 2022","W","B",0.684211800893423,328.890339796529,5.79572438151566,"Agriculture"
"Agronomy Farm","4",309.836488136251,"May 2022","S","B",0.11219885872884,2761.4941154175,7.92352715840198,"Agriculture"
"Agronomy Farm","5",256.418937312769,"May 2022","S","C",0.373214876179515,687.054438819936,6.53241353045109,"Agriculture"
"Agronomy Farm","6",286.012108957657,"May 2022","S","C",1.14319370633387,250.186917031649,5.52220830662427,"Agriculture"
"Agronomy Farm","8",130.201660783924,"May 2022","W","C",0.820581601760239,158.669973229508,5.06682640502794,"Agriculture"
"Agronomy Farm","9",131.042205114304,"May 2022","W","C",0.500347363999386,261.902459257215,5.56797214153149,"Agriculture"
"Agronomy Farm","10",241.764658997783,"May 2022","S","C",0.623630048098447,387.67320422575,5.9601627275753,"Agriculture"
"Agronomy Farm","11",141.6106623968,"May 2022","S","B",0.872856951075472,162.238110405511,5.08906507342616,"Agriculture"
"Agronomy Farm","12",288.814956901033,"May 2022","S","C",1.38973298872579,207.820465689484,5.33667456125292,"Agriculture"
"Agronomy Farm","13",122.382530548586,"May 2022","S","C",0.104406158991388,1172.17730956544,7.0666182467192,"Agriculture"
"Agronomy Farm","14",185.991802996877,"May 2022","S","C",0.324201792488503,573.691470269932,6.35209174356969,"Agriculture"
"Agronomy Farm","15",212.256062917113,"May 2022","S","B",0.883310199581093,240.296175701101,5.48187222793039,"Agriculture"
"Agronomy Farm","16",154.920889107624,"May 2022","W","B",0.587342518002845,263.765834005012,5.57506171713053,"Agriculture"
"Agronomy Farm","19",126.509440114765,"May 2022","S","C",1.09520501169839,115.512108476001,4.74937535975707,"Agriculture"
"Agronomy Farm","20",193.130179475189,"May 2022","S","C",0.438506902337235,440.426771952295,6.0877441930833,"Agriculture"
"Agronomy Farm","21",258.763238394781,"May 2022","S","B",0.143143776898082,1807.71559897444,7.49981922712676,"Agriculture"
"Agronomy Farm","23",161.583967502991,"May 2022","W","B",0.577557507357979,279.771218353914,5.63397219187219,"Agriculture"
"Agronomy Farm","24",166.95159239529,"May 2022","W","C",1.0129594236685,164.815676219945,5.10482773564533,"Agriculture"
"Allstar Mine 2","1",150.170597938245,"May 2022","W","C",1.01692243416561,147.671634426534,4.99499112252583,"Mine"
"Allstar Mine 2","2",150.962000715912,"May 2022","W","B",1.95660403730029,77.155110506778,4.34581781779196,"Mine"
"Allstar Mine 2","3",114.125754480895,"May 2022","W","C",0.0222348970038791,5132.73142038771,8.54339323708999,"Mine"
"Allstar Mine 2","4",206.801048765093,"May 2022","S","B",0.509228669784466,406.106452829183,6.00661532432022,"Mine"
"Allstar Mine 2","6",180.092889265261,"May 2022","S","C",2.58173780570709,69.7564597253658,4.24501002896324,"Mine"
"Allstar Mine 2","7",240.54511975719,"May 2022","W","C",0.0958171517209659,2510.45992744278,7.82822125336481,"Mine"
"Allstar Mine 2","9",90.7388642456354,"May 2022","W","C",2.17697063082692,41.6812532795485,3.7300514660801,"Mine"
"Allstar Mine 2","11",115.170167843282,"May 2022","S","C",0.830737402140502,138.636069047248,4.93185229133579,"Mine"
"Allstar Mine 2","12",147.404762585738,"May 2022","S","C",0.548055676269201,268.959467018335,5.5945606880192,"Mine"
"Allstar Mine 2","13",98.0341099904337,"May 2022","S","C",0.442319756916238,221.636290166886,5.40103770575622,"Mine"
"Allstar Mine 2","14",98.5759201408031,"May 2022","S","C",0.888398762427912,110.959092143942,4.7091615941413,"Mine"
"Allstar Mine 2","15",166.336259105582,"May 2022","S","B",0.612314002002563,271.651895206678,5.60452144962211,"Mine"
"Allstar Mine 2","16",138.863012855268,"May 2022","W","B",2.62363405667038,52.9277368168858,3.96892752691467,"Mine"
"Allstar Mine 2","18",69.0898561164377,"May 2022","W","C",3.86621606383306,17.8701487386456,2.88313165250802,"Mine"
"Allstar Mine 1","1",227.203577846214,"May 2022","W","C",3.93972478149847,57.6699110844482,4.05473556582707,"Mine"
"Allstar Mine 1","2",155.94947486037,"May 2022","W","C",0.794927797564932,196.180678720864,5.27903606481447,"Mine"
"Allstar Mine 1","3",139.219835498844,"May 2022","W","B",1.55297212460348,89.6473499383582,4.49588363952899,"Mine"
"Allstar Mine 1","4",159.048010461418,"May 2022","S","C",3.98553762815206,39.906287507606,3.6865338931254,"Mine"
"Allstar Mine 1","5",180.159690575282,"May 2022","S","B",1.92690854744055,93.4967519940594,4.53792669765981,"Mine"
"Allstar Mine 1","7",134.93092362561,"May 2022","W","B",0.101680653045585,1327.00685513023,7.19068120020449,"Mine"
"Allstar Mine 1","8",122.458287379047,"May 2022","W","C",3.90467032831592,31.3620042365685,3.44559710404487,"Mine"
"Allstar Mine 1","9",240.105122227015,"May 2022","W","C",0.145540971106553,1649.74247733465,7.40837448037112,"Mine"
"Allstar Mine 1","11",146.271918739025,"May 2022","S","C",2.20071313862937,66.4656906761254,4.19668588484197,"Mine"
"Allstar Mine 1","12",366.336529485299,"May 2022","S","B",1.5847451465128,231.164317045814,5.44312878684974,"Mine"
"Allstar Mine 1","14",176.234370300722,"May 2022","W","C",3.11697187878677,56.5402503308174,4.03495277975507,"Mine"
"Allstar Mine 1","15",132.978372648596,"May 2022","W","C",0.0500868443481036,2654.95609434676,7.8841833965701,"Mine"
"Allstar Mine 1","16",149.424986405183,"May 2022","S","C",1.00604513516171,148.527119890267,5.00076756709243,"Mine"
"Allstar Mine 1","17",214.488196050929,"May 2022","S","B",3.21940201709578,66.6236136126976,4.19905907345446,"Mine"
"Allstar Mine 1","18",199.010827767258,"May 2022","S","C",2.0379261996395,97.6535989391873,4.58142651213957,"Mine"
"Allstar Mine 1","19",124.580432866097,"May 2022","W","B",1.30554150866298,95.4243369815805,4.55833365054931,"Mine"
"Allstar Mine 1","20",174.955635510235,"May 2022","W","C",1.06740307123849,163.907749775571,5.09930376819248,"Mine"
"Allstar Mine 1","22",140.955974258703,"May 2022","S","C",2.53025982031682,55.7081028307416,4.02012560907737,"Mine"
"Allstar Mine 1","23",168.501433022576,"May 2022","S","B",1.0891297116181,154.711997317782,5.04156530672315,"Mine"
"Allstar Mine 1","24",173.716623982151,"May 2022","S","C",1.81320536444087,95.8063699727243,4.56232917517469,"Mine"
"Goshen Road","1",93.3265867409889,"May 2022","S","C",0.956927913927754,97.5272905959297,4.58013224238611,"Mine"
"Goshen Road","2",192.461076395011,"May 2022","S","B",1.29840649087131,148.228677034614,4.9987561964007,"Mine"
"Goshen Road","3",122.527007512948,"May 2022","S","C",1.02626095922002,119.391667793805,4.782409414552,"Mine"
"Goshen Road","4",151.314621157303,"May 2022","W","C",0.931002053553052,162.528772713045,5.09085504894553,"Mine"
"Goshen Road","5",99.6440586179168,"May 2022","W","B",1.01349070873622,98.317683387713,4.58820390301633,"Mine"
"Goshen Road","6",202.072605856125,"May 2022","W","C",0.882444486105042,228.991861854153,5.43368646516797,"Mine"
"Goshen Road","8",151.636325577336,"May 2022","W","C",0.76585938473424,197.994995687042,5.28824175606726,"Mine"
"Goshen Road","9",268.165757417048,"May 2022","W","C",0.695459221689699,385.595228380907,5.95478818812898,"Mine"
"Goshen Road","10",142.550822344885,"May 2022","S","C",0.559291618721907,254.877451356489,5.54078284672572,"Mine"
"Goshen Road","11",175.510997333246,"May 2022","S","B",0.900262472107447,194.955363320197,5.27277062631049,"Mine"
"Goshen Road","12",121.797288523881,"May 2022","S","C",1.64488873349633,74.0459132849623,4.30468535060156,"Mine"
"Goshen Road","14",109.642009088251,"May 2022","S","B",1.12274253881844,97.6555223458778,4.5814462081648,"Mine"
"Goshen Road","15",128.580467485348,"May 2022","S","C",0.875578700579666,146.8519818952,4.98942515360531,"Mine"
"Goshen Road","17",123.102757293005,"May 2022","W","B",0.455194051619962,270.44017129596,5.60005089561956,"Mine"
"Goshen Road","18",173.82503102071,"May 2022","W","C",0.661643066375536,262.717226030824,5.57107826755586,"Mine"
"Goshen Road","19",152.836415802539,"May 2022","S","C",0.323225348946938,472.84786388344,6.15877369591603,"Mine"
"Goshen Road","20",213.422829534662,"May 2022","S","C",0.709174499162308,300.945436964755,5.70692897577468,"Mine"
"Goshen Road","21",188.571592605877,"May 2022","S","B",0.475243012747743,396.789826568098,5.98340673639277,"Mine"
"Goshen Road","22",71.8524479825494,"May 2022","W","B",1.87436882234029,38.3342099623894,3.64634270801773,"Mine"
"Goshen Road","23",89.9661663492536,"May 2022","W","C",1.39948518776167,64.2851865357325,4.16332922423119,"Mine"
"Goshen Road","24",164.229836857799,"May 2022","W","C",1.31960985758443,124.453326802533,4.82393076049755,"Mine"
"Jackson Mill","1",147.61789671899,"May 2022","W","B",0.200679519697682,735.590243296236,6.60067322904274,"Agriculture"
"Jackson Mill","2",184.429121300817,"May 2022","W","C",1.15782556309919,159.289211759283,5.07072149183101,"Agriculture"
"Jackson Mill","3",216.493111688208,"May 2022","W","C",0.196611362670783,1101.12207528268,7.00408500730899,"Agriculture"
"Jackson Mill","6",133.458459031327,"May 2022","S","C",1.95460268788975,68.279072702705,4.22360331703005,"Agriculture"
"Jackson Mill","7",214.564661445654,"May 2022","S","B",0.685903734463944,312.820372108549,5.74562913477467,"Agriculture"
"Jackson Mill","10",141.070739498099,"May 2022","W","C",0.726869919784231,194.079759883276,5.26826920799009,"Agriculture"
"Jackson Mill","11",179.561782299885,"May 2022","W","C",1.80959994850161,99.2273361018637,4.5974135418726,"Agriculture"
"Jackson Mill","13",166.924151047568,"May 2022","S","B",0.173029848803086,964.713037676721,6.87183068683249,"Agriculture"
"Jackson Mill","14",198.700624297916,"May 2022","S","C",2.1821634431406,91.0567102214592,4.51148250166187,"Agriculture"
"Jackson Mill","15",180.263748763621,"May 2022","S","C",1.10750835680842,162.765136403212,5.09230828077767,"Agriculture"
"Jackson Mill","16",223.377412836811,"May 2022","W","B",0.161452169955584,1383.55162955235,7.23240911660249,"Agriculture"
"Jackson Mill","17",245.671193482736,"May 2022","W","C",0.308933792184395,795.222794326432,6.67862231982896,"Agriculture"
"Jackson Mill","19",181.335125830275,"May 2022","W","C",1.11725612081647,162.303989614984,5.08947105594969,"Agriculture"
"Jackson Mill","20",152.366621800852,"May 2022","W","B",0.557888715424433,273.112930210344,5.60988537342384,"Agriculture"
"Jackson Mill","21",194.582133723045,"May 2022","W","C",1.7782524748066,109.423232347368,4.69522322893568,"Agriculture"
"Jackson Mill","23",164.426056810322,"May 2022","S","C",0.932470982432838,176.333698214748,5.17237821245883,"Agriculture"
"Jackson Mill","24",208.583317728906,"May 2022","S","B",3.99670575145543,52.1888101602046,3.95486810716215,"Agriculture"
"Reedsville","1",183.837483846088,"May 2022","S","C",1.56927151906559,117.148295634367,4.76344061627236,"Agriculture"
"Reedsville","2",190.155394215156,"May 2022","S","C",0.0565864119603693,3360.44268628186,8.11982799614834,"Agriculture"
"Reedsville","3",171.603446215171,"May 2022","S","B",0.206640750044752,830.443395980738,6.72195977017518,"Agriculture"
"Reedsville","4",289.416624439775,"May 2022","W","C",2.92335211871974,99.0016298708901,4.59513631334139,"Agriculture"
"Reedsville","5",162.878497375209,"May 2022","W","B",1.1975641683073,136.008158632059,4.91271487387834,"Agriculture"
"Reedsville","6",149.501745369999,"May 2022","W","C",0.875931322994161,170.677473730432,5.13977565700586,"Agriculture"
"Reedsville","7",206.365228798054,"May 2022","S","B",1.09463926721738,188.523502653659,5.23922268162863,"Agriculture"
"Reedsville","9",182.261087693584,"May 2022","S","C",1.5422269919816,118.180455044039,4.77221273634199,"Agriculture"
"Reedsville","10",152.415261128302,"May 2022","W","B",1.10802647025234,137.555613715249,4.92402829871699,"Agriculture"
"Reedsville","11",164.116323792845,"May 2022","W","C",0.937429450107534,175.070586670836,5.16518924500358,"Agriculture"
"Reedsville","13",89.9826913916349,"May 2022","W","C",0.223125745682856,403.282423174659,5.99963711842191,"Agriculture"
"Reedsville","14",125.733215880685,"May 2022","W","B",3.73249219004658,33.6861296631718,3.51708616993971,"Agriculture"
"Reedsville","15",219.413500367268,"May 2022","W","C",0.132305181331187,1658.3893250411,7.41360212419848,"Agriculture"
"Reedsville","16",192.496000302058,"May 2022","S","C",0.270688305403644,711.135266870922,6.56686266047184,"Agriculture"
"Reedsville","17",164.66434065898,"May 2022","S","C",1.10580303854025,148.909285758837,5.00333730012857,"Agriculture"
"Reedsville","19",126.976834695127,"May 2022","W","C",0.493546354933478,257.27438451499,5.55014315939587,"Agriculture"
"Reedsville","20",121.558803085106,"May 2022","W","C",2.68133740892781,45.3351386067128,3.81408241848196,"Agriculture"
"Reedsville","21",186.275256554158,"May 2022","W","B",0.664639028058589,280.265299945247,5.6357366543791,"Agriculture"
"Reedsville","22",152.607550680543,"May 2022","S","B",1.10256881286549,138.410908144525,4.93022685615091,"Agriculture"
"Reedsville","23",251.462285212525,"May 2022","S","C",1.24098756490276,202.630785613254,5.31138553295235,"Agriculture"
"Reedsville","24",122.930808340217,"May 2022","S","C",0.742165210639226,165.638063571233,5.10980506802241,"Agriculture"
"Agronomy Farm","1",121.202146681291,"August 2022","W","C",0.517995970976762,233.982798076104,5.45524760016025,"Agriculture"
"Agronomy Farm","2",125.843130543745,"August 2022","W","B",1.33008844477518,94.6126034235384,4.54979069576232,"Agriculture"
"Agronomy Farm","3",170.483643186067,"August 2022","W","C",1.50633855845297,113.177507293683,4.7289574472068,"Agriculture"
"Agronomy Farm","4",121.397863304679,"August 2022","S","B",1.37148979172386,88.5153240200875,4.48317568979402,"Agriculture"
"Agronomy Farm","5",102.679312070975,"August 2022","S","C",2.23187837467131,46.0057829477812,3.82876710484358,"Agriculture"
"Agronomy Farm","7",89.650189025452,"August 2022","W","B",1.60184202488021,55.9669353363083,4.02476107593349,"Agriculture"
"Agronomy Farm","9",97.0168788974475,"August 2022","W","C",0.532360745176756,182.238979444729,5.20531889962134,"Agriculture"
"Agronomy Farm","10",105.809915289082,"August 2022","S","C",1.27148933848346,83.2173043741636,4.42145531146762,"Agriculture"
"Agronomy Farm","11",120.037512575381,"August 2022","S","B",1.67142761837416,71.8173561665474,4.27412617618145,"Agriculture"
"Agronomy Farm","12",84.0806795498797,"August 2022","S","C",1.00173366631147,83.9351639837335,4.43004464347156,"Agriculture"
"Agronomy Farm","15",92.5163325308682,"August 2022","S","B",0.0931091355266763,993.633245626707,6.90136817038868,"Agriculture"
"Agronomy Farm","16",73.3657510060936,"August 2022","W","B",1.40074004116077,52.3764216415893,3.95845652138875,"Agriculture"
"Agronomy Farm","17",47.478086626517,"August 2022","W","C",1.20211759262045,39.4953762576764,3.67618360828771,"Agriculture"
"Agronomy Farm","18",95.8320882157816,"August 2022","W","C",0.321095950688621,298.453119730288,5.69861286766871,"Agriculture"
"Agronomy Farm","20",88.8001215089281,"August 2022","S","C",1.05679941940483,84.0274132237306,4.43114309350497,"Agriculture"
"Agronomy Farm","21",124.62216431112,"August 2022","S","B",1.33821830274441,93.1254370498039,4.53394736984097,"Agriculture"
"Agronomy Farm","23",89.9683996605148,"August 2022","W","B",0.854283005829462,105.314514097305,4.65695124532337,"Agriculture"
"Agronomy Farm","24",49.6176378637925,"August 2022","W","C",1.93223022632767,25.6789471501509,3.24567147915539,"Agriculture"
"Allstar Mine 1","1",107.951033966211,"August 2022","W","C",1.22341931167683,88.2371505303872,4.48002808215715,"Mine"
"Allstar Mine 1","2",132.181201259406,"August 2022","W","C",0.598096657267137,221.003076431454,5.39817662192518,"Mine"
"Allstar Mine 1","3",107.951033966211,"August 2022","W","B",0.269348342366981,400.785959986084,5.99342751918225,"Mine"
"Allstar Mine 1","5",137.375174855579,"August 2022","S","B",0.661575478126779,207.648529000124,5.33584688601663,"Mine"
"Allstar Mine 1","6",113.678147824747,"August 2022","S","C",0.407465867623644,278.988148106054,5.63116930101245,"Mine"
"Allstar Mine 1","7",91.4850066393099,"August 2022","W","B",0.63648692597781,143.734306087694,4.9679664986753,"Mine"
"Allstar Mine 1","8",117.079665942515,"August 2022","W","C",1.13000906731344,103.60949246263,4.64062895171513,"Mine"
"Allstar Mine 1","11",224.632757709619,"August 2022","S","C",1.77722093452067,126.395516362857,4.83941600927078,"Mine"
"Allstar Mine 1","12",162.707150227478,"August 2022","S","B",9.43819810768288,17.2392175255392,2.84718687705582,"Mine"
"Allstar Mine 1","13",191.409829051317,"August 2022","W","B",1.03308652842029,185.279571251409,5.22186588032436,"Mine"
"Allstar Mine 1","14",141.01798866241,"August 2022","W","C",2.08493745542907,67.6365558569666,4.21414860400196,"Mine"
"Allstar Mine 1","15",83.4912026716108,"August 2022","W","C",4.48896521219833,18.5992091105388,2.92311905887634,"Mine"
"Allstar Mine 1","16",168.660740230671,"August 2022","S","C",2.49665942568262,67.5545645095573,4.21293563443355,"Mine"
"Allstar Mine 1","17",144.927376755969,"August 2022","S","B",1.29809526712724,111.646179156559,4.71533475608446,"Mine"
"Allstar Mine 1","19",188.018955895266,"August 2022","W","B",1.66391331031884,112.998047872601,4.72737054309941,"Mine"
"Allstar Mine 1","20",157.920485942467,"August 2022","W","C",2.37273699724923,66.556253864439,4.19804751284431,"Mine"
"Allstar Mine 1","21",167.715616512039,"August 2022","W","C",0.751347356644316,223.219813084981,5.40815699486937,"Mine"
"Allstar Mine 1","24",185.249016499762,"August 2022","S","C",2.44362626900836,75.8090624778467,4.3282178432571,"Mine"
"Allstar Mine 2","1",116.644017400646,"August 2022","W","C",2.83162373322286,41.1933323033302,3.7182764059606,"Mine"
"Allstar Mine 2","2",72.5731372085067,"August 2022","W","B",2.43582729133223,29.794040598344,3.39430839359136,"Mine"
"Allstar Mine 2","3",163.14693471215,"August 2022","W","C",2.02912907691147,80.4024428847454,4.38704455986196,"Mine"
"Allstar Mine 2","5",154.275363521721,"August 2022","S","C",2.4183749375289,63.7929880630336,4.15564327934262,"Mine"
"Allstar Mine 2","6",127.287092400893,"August 2022","S","C",2.00456297734882,63.4986746932939,4.15101903470909,"Mine"
"Allstar Mine 2","7",254.65986866569,"August 2022","W","C",6.71258065150082,37.9376996548641,3.63594533153705,"Mine"
"Allstar Mine 2","8",138.763306700809,"August 2022","W","B",1.82381741106227,76.0839905678863,4.33183786912085,"Mine"
"Allstar Mine 2","9",156.050883524614,"August 2022","W","C",2.264675869422,68.9064981137642,4.23275048581871,"Mine"
"Allstar Mine 2","12",151.170927637239,"August 2022","S","C",0.6958771642765,217.23794858883,5.3809932900583,"Mine"
"Allstar Mine 2","14",152.276599608932,"August 2022","S","C",3.70260569795845,41.1268744314025,3.71666178692594,"Mine"
"Allstar Mine 2","16",82.4697247582396,"August 2022","W","B",0.764463890950565,107.879163076877,4.68101174033336,"Mine"
"Allstar Mine 2","17",100.344618256013,"August 2022","W","C",1.53029847220775,65.5719260512932,4.18314764781535,"Mine"
"Allstar Mine 2","18",127.544617718684,"August 2022","W","C",1.41506956242543,90.133108014897,4.50128755566285,"Mine"
"Goshen Road","1",111.741547340607,"August 2022","S","C",1.18921868142629,93.962152702302,4.54289207036587,"Mine"
"Goshen Road","2",111.52963210723,"August 2022","S","B",0.761950409875195,146.373872448599,4.98616411871895,"Mine"
"Goshen Road","3",89.1552630105991,"August 2022","S","C",0.211467642412267,421.602387928391,6.04406266117788,"Mine"
"Goshen Road","4",48.8228876176178,"August 2022","W","C",1.20105901303669,40.6498657332222,3.7049955329926,"Mine"
"Goshen Road","5",46.9451290962754,"August 2022","W","B",0.644477684806335,72.842132789101,4.28829453489616,"Mine"
"Goshen Road","7",132.397854990271,"August 2022","W","B",0.119385323524332,1108.99607323414,7.01121044652727,"Mine"
"Goshen Road","8",81.5440426883832,"August 2022","W","C",0.909021351269236,89.7053106338217,4.49652997170267,"Mine"
"Goshen Road","10",57.4456858580794,"August 2022","S","C",0.237528308666026,241.847745141192,5.4883083758482,"Mine"
"Goshen Road","11",55.2846206289882,"August 2022","S","B",1.01752203432413,54.3326028961232,3.99512446841865,"Mine"
"Goshen Road","12",147.095983601707,"August 2022","S","C",0.195947799423707,750.68964302903,6.62099230806581,"Mine"
"Goshen Road","13",172.682122177248,"August 2022","S","C",0.524338415804518,329.33334078201,5.7970704316972,"Mine"
"Goshen Road","14",152.4778839962,"August 2022","S","B",0.706722183924096,215.753640489339,5.37413720346817,"Mine"
"Goshen Road","16",92.2942983651854,"August 2022","W","C",0.158874113914409,580.927226539292,6.36462549348061,"Mine"
"Goshen Road","18",144.73267663134,"August 2022","W","C",0.275072878106791,526.161203632554,6.26560763656946,"Mine"
"Goshen Road","19",227.590497716391,"August 2022","S","C",1.82320497104669,124.829901920316,4.82695202595662,"Mine"
"Goshen Road","20",63.9426804242319,"August 2022","S","C",1.03246086563654,61.9323042184358,4.126041921079,"Mine"
"Goshen Road","21",122.382547004961,"August 2022","S","B",1.2267442078192,99.7620744609199,4.60278809567161,"Mine"
"Goshen Road","22",95.0281997425767,"August 2022","W","B",0.409148999412299,232.258174599168,5.44784957448753,"Mine"
"Goshen Road","23",102.347423767012,"August 2022","W","C",0.665842271924126,153.711213725215,5.0350756064077,"Mine"
"Jackson Mill","1",104.561980174572,"August 2022","W","B",1.69194007996049,61.8000491938305,4.12390416048,"Agriculture"
"Jackson Mill","3",121.242764394108,"August 2022","W","C",0.906604841735424,133.732756337397,4.89584345288442,"Agriculture"
"Jackson Mill","4",136.172835517691,"August 2022","S","C",1.60946024676732,84.6077657346312,4.43802605595297,"Agriculture"
"Jackson Mill","5",113.100575216456,"August 2022","S","B",1.07631789059319,105.081013894624,4.65473161355861,"Agriculture"
"Jackson Mill","6",104.289769599442,"August 2022","S","C",2.33090841665076,44.7421137846739,3.80091520091539,"Agriculture"
"Jackson Mill","7",38.729412118102,"August 2022","S","B",0.163074304355067,237.495491832822,5.470148641538,"Agriculture"
"Jackson Mill","8",140.28968304503,"August 2022","S","C",1.89642993885074,73.9756740657907,4.30373631032033,"Agriculture"
"Jackson Mill","9",87.1191096145307,"August 2022","S","C",0.499927562826255,174.263465534922,5.16056832375633,"Agriculture"
"Jackson Mill","10",190.672195640539,"August 2022","W","C",1.02503727765033,186.014889212236,5.22582672003756,"Agriculture"
"Jackson Mill","11",78.3440272947172,"August 2022","W","C",1.2950738688486,60.4938677083877,4.10254199970757,"Agriculture"
"Jackson Mill","12",177.341664874172,"August 2022","W","B",1.28980340669841,137.495112784764,4.92358837309141,"Agriculture"
"Jackson Mill","16",106.794665888637,"August 2022","W","B",2.46541540312185,43.3171082461022,3.76854766658295,"Agriculture"
"Jackson Mill","18",140.230820315075,"August 2022","W","C",0.704400844933169,199.078154610078,5.29369748435767,"Agriculture"
"Jackson Mill","19",171.742550801829,"August 2022","W","C",0.385493039730665,445.514012190262,6.0992286991441,"Agriculture"
"Jackson Mill","20",106.317738593966,"August 2022","W","B",3.15207786017441,33.7294138375386,3.51837027084781,"Agriculture"
"Jackson Mill","21",107.735289623436,"August 2022","W","C",0.491263932684547,219.302257820371,5.39045095094937,"Agriculture"
"Jackson Mill","22",101.370460776143,"August 2022","S","C",2.94141149341807,34.4632027864777,3.5398921689306,"Agriculture"
"Jackson Mill","23",86.7857989127699,"August 2022","S","C",0.970299525200927,89.4422770069876,4.49359346756872,"Agriculture"
"Jackson Mill","24",261.142588887416,"August 2022","S","B",3.60306687630848,72.4778634014611,4.28328118284356,"Agriculture"
"Reedsville","1",136.954249954712,"August 2022","S","C",0.293192750199332,467.113357549262,6.14657196386489,"Agriculture"
"Reedsville","2",113.685499287897,"August 2022","S","C",0.639861616693372,177.672009575121,5.17993920770102,"Agriculture"
"Reedsville","4",161.661996675694,"August 2022","W","C",1.09504361964694,147.630645734291,4.99471351754098,"Agriculture"
"Reedsville","5",170.485453111392,"August 2022","W","B",1.3619355604231,125.178795580041,4.82974307994556,"Agriculture"
"Reedsville","6",138.331720905361,"August 2022","W","C",0.544962581217232,253.837099414022,5.53669272038182,"Agriculture"
"Reedsville","7",109.944407342598,"August 2022","S","B",2.24162746031267,49.0466900897363,3.8927727034029,"Agriculture"
"Reedsville","8",102.918567990279,"August 2022","S","C",2.9616671259821,34.7502145286334,3.5481857454776,"Agriculture"
"Reedsville","9",133.44470414641,"August 2022","S","C",0.152750902403422,873.609923390024,6.772633964118,"Agriculture"
"Reedsville","12",91.1396708369492,"August 2022","W","C",0.431273831958726,211.326688714263,5.35340522385967,"Agriculture"
"Reedsville","13",112.630566757012,"August 2022","W","C",0.0851583491880816,1322.60157495837,7.18735596604461,"Agriculture"
"Reedsville","14",137.428650676657,"August 2022","W","B",0.890906513206602,154.257095036848,5.03862065872506,"Agriculture"
"Reedsville","15",146.909699681393,"August 2022","W","C",1.02476189421808,143.359838524723,4.96535782286384,"Agriculture"
"Reedsville","16",129.462417207633,"August 2022","S","C",0.269288382502309,480.757528433381,6.1753630441141,"Agriculture"
"Reedsville","17",127.617812455752,"August 2022","S","C",1.61491441160384,79.0245052857067,4.36975799785693,"Agriculture"
"Reedsville","18",169.684419246851,"August 2022","S","B",1.63823824036961,103.577376638801,4.64031893376636,"Agriculture"
"Reedsville","20",103.939515885806,"August 2022","W","C",1.1447365088719,90.7977644464531,4.50863466467038,"Agriculture"
"Reedsville","21",160.836449714425,"August 2022","W","B",0.674485656110907,238.457924578871,5.47419287790503,"Agriculture"
"Reedsville","22",154.867740298589,"August 2022","S","B",1.59876428013182,96.8671506007255,4.5733404583337,"Agriculture"
"Reedsville","23",140.234793729094,"August 2022","S","C",2.14367259411132,65.4180093146315,4.18079759233866,"Agriculture"
"Reedsville","24",143.830264493344,"August 2022","S","C",0.18214987320765,789.625938028396,6.67155933715977,"Agriculture"
